{
  "project_info": {
    "project_number": "622557166285",
    "firebase_url": "https://fir-road-assistance.firebaseio.com",
    "project_id": "fir-road-assistance",
    "storage_bucket": "fir-road-assistance.appspot.com"
  },
  "client": [
    {
      "client_info": {
        "mobilesdk_app_id": "1:622557166285:android:6c59d4425b2dae4a",
        "android_client_info": {
          "package_name": "com.example.brysonwilks.roadwork"
        }
      },
      "oauth_client": [
        {
          "client_id": "622557166285-87s7cjsad4mcad5kt53fsli0s0i0kslo.apps.googleusercontent.com",
          "client_type": 1,
          "android_info": {
            "package_name": "com.example.brysonwilks.roadwork",
            "certificate_hash": "50c02e386a27761bf08cd5a1c7bbc631ca3efbc6"
          }
        },
        {
          "client_id": "622557166285-oeqgdeie2ckvnl2qova07dlt6bmsdqv4.apps.googleusercontent.com",
          "client_type": 3
        }
      ],
      "api_key": [
        {
          "current_key": "AIzaSyDxRS7djdKIIsBxOXKtbp9wnul5-ZsEj-E"
        }
      ],
      "services": {
        "analytics_service": {
          "status": 1
        },
        "appinvite_service": {
          "status": 2,
          "other_platform_oauth_client": [
            {
              "client_id": "622557166285-oeqgdeie2ckvnl2qova07dlt6bmsdqv4.apps.googleusercontent.com",
              "client_type": 3
            }
          ]
        },
        "ads_service": {
          "status": 2
        }
      }
    },
    {
      "client_info": {
        "mobilesdk_app_id": "1:622557166285:android:9a907f3ebc14647c",
        "android_client_info": {
          "package_name": "rt.roadtracker"
        }
      },
      "oauth_client": [
        {
          "client_id": "622557166285-nt0mdprookpuhs6k99c3tvgt0erf4ap6.apps.googleusercontent.com",
          "client_type": 1,
          "android_info": {
            "package_name": "rt.roadtracker",
            "certificate_hash": "896c02a2eba3b3a69b122c9cecf2625288f6988a"
          }
        },
        {
          "client_id": "622557166285-oeqgdeie2ckvnl2qova07dlt6bmsdqv4.apps.googleusercontent.com",
          "client_type": 3
        }
      ],
      "api_key": [
        {
          "current_key": "AIzaSyDxRS7djdKIIsBxOXKtbp9wnul5-ZsEj-E"
        }
      ],
      "services": {
        "analytics_service": {
          "status": 1
        },
        "appinvite_service": {
          "status": 2,
          "other_platform_oauth_client": [
            {
              "client_id": "622557166285-oeqgdeie2ckvnl2qova07dlt6bmsdqv4.apps.googleusercontent.com",
              "client_type": 3
            }
          ]
        },
        "ads_service": {
          "status": 2
        }
      }
    }
  ],
  "configuration_version": "1"
}